"aide","enonce_groupe","enonce_site","type","unite","id"
"NULL","Intervenez-vous (vos salariés) sur des matériaux amiantés (travaux de maintenance de bâtiments ou de machines pouvant contenir de l'amiante...) ?","Intervenez-vous (vos salariés) sur des matériaux amiantés (travaux de maintenance de bâtiments ou de machines pouvant contenir de l'amiante...) ?","1","NULL","006F52E9102A8D3BE2FE5614F42BA989"
"NULL","De quelles sources (scellées, non scellées) ou appareils (accélérateurs de particules, générateurs de rayons X) s'agit-il?","De quelles sources (scellées, non scellées) ou appareils (accélérateurs de particules, générateurs de rayons X) s'agit-il?","0","NULL","01161AAA0B6D1345DD8FE4E481144D84"
"NULL","NULL","Le site est-il localisé sur une zone sismique ? Merci de préciser le type de classe.","1","NULL","013D407166EC4FA56EB1E1F8CBE183B9"
"NULL","Etes-vous soumis ou avez-vous un plan de prévention des risques naturels (PPRN) ?","Etes-vous soumis ou avez-vous un plan de prévention des risques naturels (PPRN) ?","1","NULL","02522A2B2726FB0A03BB19F2D8D9524D"
"NULL","NULL","Plans et localisation des bâtiments communiqués à Tennaxia","0","NULL","0266E33D3F546CB5436A10798E657D97"
"NULL","Effectuez-vous des opérations de chargement / déchargement / transport de matières dangereuses sur l'un de vos sites ?","Effectuez-vous des opérations de chargement / déchargement / transport de matières dangereuses sur le site ?","1","NULL","02E74F10E0327AD868D138F2B4FDD6F0"
"NULL","Quels sont les numéros des tableaux de maladie professionnelle concernés ?","Quels sont les numéros des tableaux de maladie professionnelle concernés ?","0","NULL","0336DCBAB05B9D5AD24F4333C7658A0E"
"NULL","NULL","Listez l'ensemble des arrêtés préfectoraux d'autorisation d'exploiter et des arrêtés complémentaires applicables à votre site et/ou les récépissés de déclaration.\nMerci d'indiquer en commentaire le libellé et la date de chaque texte.","0","NULL","03AFDBD66E7929B125F8597834FA83A4"
"Vous pouvez renseigner ces informations dans un fichier Excel comportant, en ligne, la liste des informations demandées et, une colonne pour chaque bâtiment et mettre ce fichier en pièce jointe de votre réponse.\nLe cas échéant, indiquer la date de dépôt de la demande de permis de construire ou de la déclaration préalable.","Merci de joindre un fichier Excel avec l'ensemble des informations suivantes sur l'historique des différents bâtiments :\n - date(s) d'achat\n - date(s) de construction\n - date(s) des éventuels travaux d'extension\n - date(s) des éventuels travaux de rénovation importants (nécessitant un permis de construire ou une déclaration préalable)","Merci de joindre un fichier Excel avec l'ensemble des informations suivantes sur l'historique, l'usage et la superficie de chaque bâtiment :\nHistorique des différents bâtiments\n - date(s) d'achat\n - date(s) de construction\n - date(s) des éventuels travaux d'extension\n - date(s) des éventuels travaux de rénovation importants (nécessitant un permis de construire ou une déclaration préalable)\n\nUsage des différents bâtiments\n - Bureaux ?\n - Industriel ?\n - Commercial ?\n - Locaux techniques ?\n - ERP ?\n - Autre ?\n\n Superficie des différents bâtiments\n","0","NULL","03C6B06952C750899BB03D998E631860"
"Moteurs électriques, lampes, circulateurs, transformateurs, climatiseurs, appareils de chauffage ou de refroidissement, appareils ménagers...","NULL","Faites-vous de la mise sur le marché et/ou mise en service de produits consommateurs d'énergie ?\nSi oui, précisez lesquels dans le champ commentaire.","1","NULL","042F2AFDAD0611E7B3CE001851D17886"
"A titre d'exemple, les travaux salissants concernent notamment la métallurgie, la préparation et l'application de peintures, les travaux de fonderie, les travaux d'usinage comportant un contact permanent avec des fluides de coupe, le polissage des métaux, les travaux comportant un contact permanent avec les lubrifiants de décolletage...\nLa liste exhaustive des travaux concernés est annexée à l'arrêté du 23 juillet 1947.","Avez-vous de travaux salissants sur au moins l'un de vos sites ?","Avez-vous de travaux salissants sur le site ?","1","NULL","045117B0E0A11A242B9765E79CBF113F"
"NULL","Avez-vous des centrifugeuses ?","Avez-vous des centrifugeuses ?","1","NULL","060AD92489947D410D897474079C1477"
"NULL","Avez-vous délégué à une entreprise extérieure les prestations de conduite et d'entretien des installations de chauffage et/ou de climatisation pour au moins l'un de vos sites ?","Avez-vous délégué à une entreprise extérieure les prestations de conduite et d'entretien des installations de chauffage et/ou de climatisation de votre site ?","1","NULL","06138BC5AF6023646EDE0E1F7C1EAC75"
"NULL","NULL","Quel est le nombre de personnes par m² ?","4","pers./m²","06409663226AF2F3114485AA4E0A23B4"
"NULL","Précisez les modes d'élimination des transformateurs (l'intégralité des transformateurs ont été remplacés OU l'huile a été décontaminée mais le transformateur est d'origine)","Précisez les modes d'élimination des transformateurs (l'intégralité des transformateurs ont été remplacés OU l'huile a été décontaminée mais le transformateur est d'origine)","3","NULL","069059B7EF840F0C74A814EC9237B6EC"
"NULL","Quelles rubriques ICPE à Enregistrement (E) concernent vos sites ?","Quelles rubriques ICPE à Enregistrement (E) concernent votre site ?\n Merci de préciser en commentaire pour chaque rubrique la date de premier enregistrement ou de portée à connaissance de l’inspection des installations classées (DREAL).","0","NULL","072B030BA126B2F4B2374F342BE9ED44"
"NULL","Avez-vous des quais de chargement/déchargement ? \nMerci de préciser dans le commentaire, si leur longueur est supérieure ou inférieure à 20 m.","Avez-vous des quais de chargement/déchargement ? \nMerci de préciser dans le commentaire, si leur longueur est supérieure ou inférieure à 20 m.","1","NULL","0777D5C17D4066B82AB86DFF8A46AF6F"
"NULL","Quelles sont les principales installations et équipements énergétiques présents sur vos sites ?","Quelles sont les principales installations et équipements énergétiques présents sur votre site ?","0","NULL","077E29B11BE80AB57E1A2ECABB7DA330"
"NULL","L'installation est-elle raccordée au réseau public de distribution ou de transport d'électricité ?","L'installation est-elle raccordée au réseau public de distribution ou de transport d'électricité ?","1","NULL","07CDFD23373B17C6B337251C22B7EA57"
"NULL","Quelle est la quantité de papiers à copier, d'enveloppes et/ou de pochettes postales produites, importées ou vendues en tonnes sur une année civile ?","Quelle est la quantité de papiers à copier, d'enveloppes et/ou de pochettes postales produites, importées ou vendues en tonnes sur une année civile ?","4","t","07E1CD7DCA89A1678042477183B7AC3F"
"NULL","Avez-vous des postes de travail exposant vos salariés au plomb, benzène, poussières de bois ?","Avez-vous des postes de travail exposant vos salariés au plomb, benzène, poussières de bois ?","1","NULL","084B6FBB10729ED4DA8C3D3F5A3AE7C9"
"NULL","Avez-vous des monte-charges ?","Avez-vous des monte-charges ?","1","NULL","091D584FCED301B442654DD8C23B3FC9"
"NULL","Quelles rubriques ICPE à Déclaration avec ou sans contrôle périodique (D ou DC) concernent vos sites ?","Quelles rubriques ICPE à Déclaration avec ou sans contrôle périodique (D ou DC) concernent votre site ? \n Merci de préciser en commentaire pour chaque rubrique la date de première déclaration ou de portée à connaissance de l’inspection des installations classées (DREAL).","0","NULL","093F65E080A295F8076B1C5722A46AA2"
"NULL","Existence de piézomètres ?","Existence de piézomètres ?","1","NULL","0A09C8844BA8F0936C20BD791130D6B6"
"NULL","NULL","Cette activité de mise sur le marché/mise en service de produits consommateurs d'énergie relève-t-elle du périmètre de votre système de management de l'énergie certifié ISO 50001 ?","1","NULL","0A149FF6AD0611E7B3CE001851D17886"
"NULL","Y a-t-il un (ou plusieurs) infirmier(s) intervenant sur au moins l'un des sites ?","Y a-t-il un (ou plusieurs) infirmier(s) intervenant sur site ?","1","NULL","0AA1883C6411F7873CB83DACB17B0AFC"
"NULL","Combien d'établissements sont concernés par cette veille Groupe ? Merci de mettre en pièce jointe, la raison sociale des sites, leur adresse et leurs effectifs.","NULL","4","sites","0E01938FC48A2CFB5F2217FBFB00722D"
"Si tous les postes sont en-dessous de 80dB(A), merci de cocher Non concerné.","Avez-vous des postes de travail exposant des salariés au bruit ?","Avez-vous des postes de travail exposant des salariés au bruit ?","2","NULL","0E65972DCE68DAD4D52D063967F0A705"
"Merci de préciser lesquelles - parmi les oiseaux, mammifères, amphibiens, insectes, mollusques, … -  en commentaire.","Avez-vous des espèces protégées sur au moins l'un de vos sites (faune et flore) ?","Avez-vous des espèces protégées sur votre site (faune et flore) ?","1","NULL","0EEE5C5E1E6211E9997EFA163E3BC92C"
"NULL","Quelles plantes avez-vous sur vos sites ?","Quelles plantes avez-vous sur votre site ?","0","NULL","0EF168811E6211E9997EFA163E3BC92C"
"Merci de préciser les espèces présentes en commentaire.","Avez-vous des nuisibles sur vos sites ? Par exemple ragondins, champignons...","Avez-vous des nuisibles sur votre site ? Par exemple ragondins, champignons...","1","NULL","0EF1A0FD1E6211E9997EFA163E3BC92C"
"NULL","L'un de vos sites est-il proche ou à l'intérieur d’une zone Natura 2000 ?","Votre site est-il proche ou à l’intérieur d’une zone Natura 2000 ?","1","NULL","0EF1EF4E1E6211E9997EFA163E3BC92C"
"NULL","Etes-vous propriétaire ou exploitant d'un barrage, d'un système d'endiguement ou d'un aménagement hydraulique ? Merci de préciser en commentaire le type d'ouvrage et sa classe A, B ou C.","Etes-vous propriétaire ou exploitant d'un barrage, d'un système d'endiguement ou d'un aménagement hydraulique ? Merci de préciser en commentaire le type d'ouvrage et sa classe A, B ou C.","1","NULL","0F28B5D49B3020AFEECD95B4009ADF4C"
"Exclu du régime légal : Puits canadiens, géostructures thermiques, échangeurs géothermiques fermés d'une profondeur inférieure à 10 mètres, échangeurs géothermiques ouverts dont au moins un échangeur fonctionne en circuit ouvert répondant aux conditions de la géothermie de minime importance et dont aucun des ouvrages de prélèvement ou de réinjection ne dépasse la profondeur de 10 mètres.\nGéothermie de minime importance :\n- Echangeurs géothermiques fermés et :\na) La profondeur du forage est supérieure à 10 mètres et inférieure à 200 mètres ;\nb) La puissance thermique maximale prélevée du sous-sol et utilisée pour l'ensemble de l'installation est inférieure à 500 kW ;\n- Echangeur géothermique ouvert et :\na) La température de l'eau prélevée en sortie des ouvrages de prélèvement est inférieure à 25° C\nb) La profondeur du forage est inférieure à 200 mètres\nc) La puissance thermique maximale prélevée du sous-sol et utilisée pour l'ensemble de l'installation est inférieure à 500 kW\nd) Les eaux prélevées sont réinjectées dans le même aquifère et la différence entre les volumes d'eaux prélevés et réinjectés est nulle\ne) Les débits prélevés ou réinjectés sont inférieurs à 80 m3/h\nPuissance primaire : puissance thermique maximale qui peut être prélevée du sous-sol sur l'ensemble du périmètre défini par un titre d'exploitation.","Exploitez-vous une installation géothermique ? De quel type de géothermie s'agit-il ?\nMerci de préciser en commentaire si elle produit de la chaleur ou de l'électricité et le type d'installation (pompe à chaleur, puits canadien, centrale géothermique, ...).","Exploitez-vous une installation géothermique ? De quel type de géothermie s'agit-il ?\nMerci de préciser en commentaire si elle produit de la chaleur ou de l'électricité et le type d'installation (pompe à chaleur, puits canadien, centrale géothermique, ...).","2","NULL","0F49C89D1E7298BB9930789C8ED59D48"
"Il s'agit généralement d'équipements mis sur le marché avant le 1er janvier 1995.","Avez-vous des équipements de travail sans le marquage CE ?","Avez-vous des équipements de travail sans le marquage CE ?","1","NULL","115F89503138416A242F40FB7D7F338E"
"On entend par ""utilisation"" toute opération ou ensemble d'opérations au cours desquelles des organismes sont génétiquement modifiés ou au cours desquelles des OGM sont cultivés, stockés, transportés, détruits, éliminés ou mis en œuvre de toute autre manière.","Utilisez-vous des organismes génétiquement modifiés sur au moins l'un de vos sites ? De quel groupe ?","Utilisez-vous des organismes génétiquement modifiés sur votre site ? De quel groupe ?","2","NULL","1385974ED5904A438616FF7BDB3F7439"
"NULL","Possédez-vous des cabines d'application de peinture, de vernis ou autres produits ?","Possédez-vous des cabines d'application de peinture, de vernis ou autres produits ?","1","NULL","13FE9D84310E77F13A6D184DBF1232F3"
"NULL","Quel est le type de ventilation des locaux ?","Quel est le type de ventilation des locaux ?","2","NULL","140F6969D5213FD0ECE03148E62E461E"
"NULL","Avez-vous des bâtiments à usage principal de bureaux ?","Avez-vous des bâtiments à usage principal de bureaux ?","1","NULL","149E9677A5989FD342AE44213DF68868"
"NULL","Distribuez-vous, sur l'un de vos sites, de l'eau potable autre que celle provenant du réseau public ?","Distribuez-vous sur le site de l'eau potable autre que celle provenant du réseau public ?","1","NULL","14BFA6BB14875E45BBA028A21ED38046"
"NULL","Avez-vous des voies ferrées sur au moins l'un des sites ?","Avez-vous des voies ferrées sur le site ?","1","NULL","1534B76D325A8F591B52D302E7181331"
"NULL","Statut juridique de l'entreprise ou des entreprises concernée(s) par cette veille : SA, SAS, SARL, etc.","Statut juridique de votre entreprise : SA, SAS, SARL, etc.","0","NULL","1679091C5A880FAF6FB5E6087EB1B2DC"
"NULL","Combien de Comités d'hygiène, de la sécurité et des conditions de travail (CHSCT) ou de Comités social et économique (CSE) avez-vous au sein de votre entreprise ?","NULL","4","NULL","16A5CDAE362B8D27A1D8F8C7B78B4330"
"NULL","NULL","Si des chaudières ne sont pas rassemblées dans un même local, sont-elles malgré tout raccordées ou raccordables à une cheminée commune ? Si oui, précisez lesquelles.","1","NULL","17E62166FC8586DFA4D1BC0E1742C08B"
"Substances inflammables : zone 0, zone 1 ou  zone 2\nPoussières : zone 20, zone 21, zone 22","De quels types de zone s'agit-il ?","De quels types de zone s'agit-il ?","2","NULL","182BE0C5CDCD5072BB1864CDEE4D3D6E"
"NULL","NULL","Précisez l'année de mise en service de chaque chaudière.","0","NULL","19CA14E7EA6328A42E0EB13D585E4C22"
"NULL","Etes-vous soumis à l'obligation de réalisation un bilan des GES (gaz à effet de serre) ?","Etes-vous soumis à l'obligation de réalisation d'un bilan des GES (gaz à effet de serre) ?","1","NULL","19F3CD308F1455B3FA09A282E0D496F4"
"NULL","Etes-vous soumis ou possédez-vous un plan d'opération interne (POI) ?","Etes-vous soumis ou possédez-vous un plan d'opération interne (POI) ?","1","NULL","1AFA34A7F984EEABDBB0A7D494132EE5"
"fioul, gaz, etc.","Précisez les combustibles utilisés par vos chaudières.","Précisez le combustible utilisé pour chaque chaudière.","0","NULL","1C383CD30B7C298AB50293ADFECB7B18"
"NULL","Avez-vous des locaux dont le dernier plancher est à plus de 8 mètres du sol ?","Avez-vous des locaux dont le dernier plancher est à plus de 8 mètres du sol ?","1","NULL","1C9AC0159C94D8D0CBEDC973445AF2DA"
"NULL","NULL","Avez-vous une équipe de première intervention sur le site ?","1","NULL","1D7F7ABC18FCB43975065399B0D1E48E"
"NULL","Etes-vous concerné par la Taxe sur les véhicules de société (TVS) ?","Etes-vous concerné par la Taxe sur les véhicules de société (TVS) ?","1","NULL","1EE6D80861EB11EA8DF2FA163E989830"
"NULL","Votre entreprise est-elle cotée en bourse sur un marché français ?","Votre entreprise est-elle cotée en bourse sur un marché français ?","1","NULL","1F0E3DAD99908345F7439F8FFABDFFC4"
"NULL","L'entretien des espaces verts (Ex. : tonte des pelouses, taille des haies, etc.) est-il assuré par votre personnel sur au moins l'un de vos sites?","L'entretien des espaces verts (Ex. : tonte des pelouses, taille des haies, etc.) est-il assuré par votre personnel?","1","NULL","1FF1DE774005F8DA13F42943881C655F"
"NULL","Avez-vous du personnel posté ?","Avez-vous du personnel posté ?","1","NULL","1FF8A7B5DC7A7D1F0ED65AAA29C04B1E"
"NULL","NULL","Votre site génère-t-il des biodéchets (Ex. : déchets verts, déchets de repas, etc.) ? Si oui, merci de préciser la quantité annuelle en tonne.","1","NULL","202CB962AC59075B964B07152D234B70"
"NULL","Avez-vous des systèmes de récupération d'énergie ? Si oui, merci de préciser le type de système ?","Avez-vous des systèmes de récupération d'énergie ? Si oui, merci de préciser le type de système ?","1","NULL","20F07591C6FCB220FFE637CDA29BB3F6"
"Une PME est une entreprise (SIREN) de moins de 250 personnes et dont le chiffre d’affaires annuel n’excède pas 50 millions d’euros ou le total du bilan n’excède pas 43 millions d’euros.","Certaines de vos entreprises sont-elles des PME ?","Votre entreprise est-elle une PME ?","1","NULL","215A53FE61EB11EA8DF2FA163E989830"
"Les déchets sont considérés comme dangereux s'ils présentent une ou plusieurs des propriétés suivantes : explosif, comburant, inflammable, irritant, nocif, toxique, cancérogène, corrosif, infectieux, toxique pour la reproduction….\nIl sont signalés par une astérisque dans la nomenclature des déchets qui figure à l'annexe II de l'article R 541-8 du Code de l'environnement.","NULL","Quelle quantité de déchets dangereux produisez-vous chaque année (en tonnes par an) ?","4","t/an","26657D5FF9020D2ABEFE558796B99584"
"NULL","NULL","Avez-vous recours à un transporteur pour l'enlèvement de vos déchets ?","1","NULL","2723D092B63885E0D7C260CC007E8B9D"
"NULL","Avez-vous des salariés à suivi individuel spécial ou renforcé de l'état de santé ? Merci de préciser en commentaire les postes concernés.","Avez-vous des salariés à suivi individuel spécial ou renforcé de l'état de santé ? Merci de préciser en commentaire les postes concernés.","1","NULL","274AD4786C3ABCA69FA097B85867D9A4"
"NULL","Avez-vous des cuves aériennes ? Si oui merci de préciser en commentaire pour quel produit et quelle capacité et si ces cuves sont horizontales ou verticales.","Avez-vous des cuves aériennes ? Si oui merci de préciser en commentaire pour quel produit et quelle capacité et si ces cuves sont horizontales ou verticales.","1","NULL","2838023A778DFAECDC212708F721B788"
"Les réseaux intérieurs sont les installations intérieures d'électricité à haute ou basse tension, lorsqu'elles ne constituent pas un réseau public de distribution d'électricité ni un réseau fermé de distribution d'électricité, des bâtiments tertiaires ou accueillant un service public, appartenant à un propriétaire unique.","Etes-vous utilisateur ou exploitant ou gestionnaire d'un réseau intérieur d'électricité ?","Etes-vous utilisateur ou exploitant ou gestionnaire d'un réseau intérieur d'électricité ?","1","NULL","284EB298FFB211E8AA9BFA163EAD7035"
"Les réseaux intérieurs sont les installations intérieures d'électricité à haute ou basse tension, lorsqu'elles ne constituent pas un réseau public de distribution d'électricité ni un réseau fermé de distribution d'électricité, des bâtiments tertiaires ou accueillant un service public, appartenant à un propriétaire unique.","Ce conseiller en radioprotection est-il :","Ce conseiller en radioprotection est-il :","2","NULL","285B2674FFB211E8AA9BFA163EAD7035"
"\n- être une société anonyme  (S.A.), une société en commandite par actions (S.C.A.), une société européenne (S.E.) ou une filiale d'une de ces sociétés\n\n- avoir un bilan d'au moins 20 millions d'euros ou un chiffre d'affaire net d'au moins 40 millions d'euros,\n- employer au moins 500 salariés permanents\n\nNote : les calculs de bilan et effectifs incluent vos filiales, y compris étrangères\n","Remplit-elle l'ensemble des critères ""entreprises cotées"" définis ci-dessous ?","Remplit-elle l'ensemble des critères ""entreprises cotées"" définis ci-dessous ?","1","NULL","2871B948FFB211E8AA9BFA163EAD7035"
"NULL","Etes-vous soumis à plan de sûreté au titre du transport de matières dangereuses ?","Etes-vous soumis à plan de sûreté au titre du transport de matières dangereuses ?","1","NULL","28865876FFB211E8AA9BFA163EAD7035"
"NULL","Avez-vous au moins l'un de ces équipements : harnais, appareil respiratoire individuel (ARI), masque à cartouche, gilets de sauvetage gonflables ?","Avez-vous au moins l'un de ces équipements : harnais, appareil respiratoire individuel (ARI), masque à cartouche, gilets de sauvetage gonflables ?","1","NULL","289DFF07669D7A23DE0EF88D2F7129E7"
"NULL","Existe-t-il un système d'assainissement individuel sur au moins l'un de vos sites (du type fosse septique) ?","Existe-t-il un système d'assainissement individuel sur le site (du type fosse septique) ?","1","NULL","28DD2C7955CE926456240B2FF0100BDE"
"NULL","Avez-vous des équipements contenant du R22 ?","Avez-vous des équipements contenant du R22 ?\nMerci de préciser la quantité de gaz qu'ils contiennent.","1","NULL","2A38A4A9316C49E5A833517C45D31070"
"NULL","Avez-vous une équipe de seconde intervention sur au moins l'un de vos sites ?","Avez-vous une équipe de seconde intervention sur le site ?","1","NULL","2A79EA27C279E471F4D180B08D62B00A"
"NULL","Déclarez-vous annuellement votre quantité de polluants émis dans l'atmosphère dans le cadre du paiement de la TGAP ?","Déclarez-vous annuellement votre quantité de polluants émis dans l'atmosphère dans le cadre du paiement de la TGAP ?","1","NULL","2B24D495052A8CE66358EB576B8912C8"
"Par exemple : équipements informatiques et de télécommunications, etc.","Avez-vous des déchets d'équipements électriques et électroniques ?","Avez-vous des déchets d'équipements électriques et électroniques ?","1","NULL","2B44928AE11FB9384C4CF38708677C48"
"NULL","Employez-vous des chauffeurs de véhicules routiers pour le transport de marchandises (PTAC véhicule > 3,5 tonnes) ?","Employez-vous des chauffeurs de véhicules routiers pour le transport de marchandises (PTAC véhicule > 3,5 tonnes) ?","1","NULL","31FEFC0E570CB3860F2A6D4B38C6490D"
"Il s'agit de la déclaration GEREP. Elle concerne notamment les carrières, les installations de stockage de déchets, les Seveso…","Effectuez-vous une déclaration annuelle des émissions polluantes (dans l'eau, l'air et le sol, de substances toxiques ou cancérigènes) et des déchets ?","Effectuez-vous une déclaration annuelle des émissions polluantes (dans l'eau, l'air et le sol, de substances toxiques ou cancérigènes) et des déchets ?","1","NULL","3295C76ACBF4CAAED33C36B1B5FC2CB1"
"Par exemple, réseau d'assainissement collectif, milieu naturel…","Où sont déversées vos eaux usées (après traitement éventuel), dont les eaux industrielles ?","Où sont déversées vos eaux usées (après traitement éventuel), dont les eaux industrielles ?","0","NULL","32BB90E8976AAB5298D5DA10FE66F21D"
"NULL","Effectuez-vous des tirs de radiographie industrielle ? (par vos salariés)","Effectuez-vous des tirs de radiographie industrielle ? (par vos salariés)","1","NULL","335F5352088D7D9BF74191E006D8E24C"
"NULL","Quel est le type de transport utilisé ?","Quel est le type de transport utilisé ?","2","NULL","33E75FF09DD601BBE69F351039152189"
"Puissance thermique fixée et garantie par le constructeur, exprimée en PCI susceptible d'être consommée en marche continue, exprimée en MW","Exploitez-vous au moins une chaudière de puissance thermique nominale comprise entre 400kW et 1 MW ?","Exploitez-vous au moins une chaudière de puissance thermique nominale comprise entre 400kW et 1 MW ?\n Si oui, merci de préciser en commentaire les chaudières concernées et leur puissance respective.","1","NULL","3416A75F4CEA9109507CACD8E2F2AEFC"
"Exemples : canalisations de produits chimiques, d'hydrocarbures, de gaz, d'eau, câbles électriques et de télécommunication, canalisations de gaz sortant du périmètre du site pour rejoindre le réseau de distribution de gaz (poste de détente extérieur au site), canalisations de vapeur, ...","Des réseaux souterrains, aériens ou subaquatiques de transport ou de distribution, sortant des limites de propriété, sont-ils présents sur au moins l'un de vos sites ?","Des réseaux souterrains, aériens ou subaquatiques de transport ou de distribution, sortant des limites de propriété, sont-ils présents sur votre site ? Précisez lesquels","1","NULL","34173CB38F07F89DDBEBC2AC9128303F"
"Indiquez dans le commentaire combien de personnes environ dépendent d'une même fosse. \n\nPour information 1eh (équivalent habitant) correspond à 60g de DBO5 par jour.","Quelle est la charge brute de pollution organique de DBO5 ?","Quelle est la charge brute de pollution organique de DBO5 ? (< = ou > 1,2 kg/jour)","3","NULL","35F4A8D465E6E1EDC05F3D8AB658C551"
"NULL","Hébergez-vous du personnel dans vos locaux  ?","Hébergez-vous du personnel dans vos locaux  ?","1","NULL","3636638817772E42B59D74CFF571FBB3"
"NULL","Ces postes génèrent-ils au moins l'une des conditions suivantes :  \n- Plus de 2,5 m/s² pour les vibrations transmises aux mains et aux bras?  \n- Plus de 0,5 m/s² pour les vibrations transmises à l'ensemble du corps ?","Ces postes génèrent-ils au moins l'une des conditions suivantes :  \n- Plus de 2,5 m/s² pour les vibrations transmises aux mains et aux bras?  \n- Plus de 0,5 m/s² pour les vibrations transmises à l'ensemble du corps ?","1","NULL","3644A684F98EA8FE223C713B77189A77"
"NULL","Etes-vous gestionnaire d'un réseau fermé de distribution d'électricité ?","Etes-vous gestionnaire d'un réseau fermé de distribution d'électricité ?","1","NULL","36660E59856B4DE58A219BCF4E27EBA3"
"NULL","Si vous recevez du public sur vos sites (ERP) :\n- quelle est la catégorie de votre ERP (1e, 2e, 3é, 4e ou 5e) ? \n- quel est son type (J à Y ou PA, CTS, etc.) ?  \n- quel est la date de création de l'ERP ?","Si vous recevez du public sur votre site (ERP) :\n- quelle est la catégorie de votre ERP (1e, 2e, 3é, 4e ou 5e) ? \n- quel est son type (J à Y ou PA, CTS, etc.) ?  \n- quel est la date de création de l'ERP ?","0","NULL","37693CFC748049E45D87B8C7D8B9AACD"
"NULL","Quelles sont les sources de secours ? (groupe électrogène…)","Quelles sont les sources de secours ? (groupe électrogène…)","0","NULL","37A749D808E46495A8DA1E5352D03CAE"
"NULL","Avez-vous du personnel de moins de 16 ans ?","Avez-vous du personnel de moins de 16 ans ?","1","NULL","38AF86134B65D0F10FE33D30DD76442E"
"NULL","NULL","Produisez-vous des huiles usagées ?","1","NULL","38B3EFF8BAF56627478EC76A704E9B52"
"NULL","NULL","Liste des produits chimiques (au moins les CMR) communiquée à Tennaxia","0","NULL","38DB3AED920CF82AB059BFCCBD02BE6A"
"NULL","Utilisez-vous des biocarburants ou bioliquides ?","Utilisez-vous des biocarburants ou bioliquides ?","1","NULL","39059724F73A9969845DFE4146C5660E"
"NULL","Avez-vous au moins un site en zone inondable ?","Le site est-il en zone inondable ?","1","NULL","3988C7F88EBCB58C6CE932B957B6F332"
"Par exemple électrique, hydrogène, gaz, gazoil ou GNR.","Comment sont alimentés vos engins de manutention ?","Comment sont alimentés vos engins de manutention ?","0","NULL","3B8A614226A953A8CD9526FCA6FE9BA5"
"NULL","NULL","Avez-vous un restaurant d'entreprise?","1","NULL","3C59DC048E8850243BE8079A5C74D079"
"NULL","NULL","Liste des appareils soumis à contrôle (levage, porte automatique, équipements sous pression, machines) communiquée à Tennaxia","0","NULL","3CEC07E9BA5F5BB252D13F5F431E4BBB"
"NULL","Historiquement, aviez-vous des appareils contenant des PCB/PCT ?","Historiquement, aviez-vous des appareils contenant des PCB/PCT ?","1","NULL","3DEF184AD8F4755FF269862EA77393DD"
"NULL","NULL","Quelle est la quantité annuelle de solvants utilisés en tonnes ?","4","t","3EF815416F775098FE977004015C6193"
"NULL","Etes-vous soumis à l'étude foudre ?","Etes-vous soumis à l'étude foudre ?","1","NULL","42A0E188F5033BC65BF8D78622277C4E"
"NULL","Avez-vous des activités relevant du régime d'Autorisation au titre de la loi sur l'eau (IOTA) ?  Merci de préciser en commentaire le numéro des rubriques à Autorisation.","Avez-vous des activités relevant du régime d'Autorisation au titre de la loi sur l'eau (IOTA) ?  Merci de préciser en commentaire le numéro des rubriques à Autorisation.","1","NULL","43EC517D68B6EDD3015B3EDC9A11367B"
"NULL","Quelles rubriques ICPE sont présentes sur vos sites mais non-classées, car en dessous des seuils de classement ?","Quelles rubriques ICPE sont présentes sur votre site mais non-classées, car en-dessous des seuils de classement ?","0","NULL","44F683A84163B3523AFE57C2E008BC8C"
"NULL","NULL","Effectif de l'entreprise","4","personnes","45C48CCE2E2D7FBDEA1AFC51C7C6AD26"
"NULL","Avez-vous des échafaudages ?","Avez-vous des échafaudages sur votre site ?","1","NULL","45FBC6D3E05EBD93369CE542E8F2322D"
"NULL","Merci de nous indiquer les autres informations (caractéristiques, spécificités de certains sites) que vous jugez pertinentes à nous communiquer dans le cadre de cette prestation.","Merci de nous indiquer les autres informations ou caractéristiques que vous jugez pertinentes à nous communiquer dans le cadre de cette prestation.","5","NULL","46BA9F2A6976570B0353203EC4474217"
"NULL","Exploitez-vous des installations de production d'électricité ou de chaleur ?","Exploitez-vous des installations de production d'électricité ou de chaleur ?","1","NULL","4734BA6F3DE83D861C3176A6273CAC6D"
"NULL","Etes-vous concerné par au moins l'une des redevances suivantes ?","Etes-vous concerné par au moins l'une des redevances suivantes ?","2","NULL","47D1E990583C9C67424D369F3414728E"
"NULL","Bénéficiez-vous d'une obligation d'achat, d'une garantie d'origine ou du complément de rémunération ?","Bénéficiez-vous d'une obligation d'achat, d'une garantie d'origine ou du complément de rémunération ?","2","NULL","48AEDB8880CAB8C45637ABC7493ECDDD"
"NULL","Assurez-vous vous-même le transport de ces sous-produits ?","Assurez-vous vous-même le transport de ces sous-produits ?","1","NULL","4C56FF4CE4AAF9573AA5DFF913DF997A"
"NULL","NULL","Avez-vous une antenne d'un opérateur de radiotéléphonie sur votre site ? (Antenne Orange, SFR, Bouygues, etc.)","1","NULL","4C5BDE74A8F110656874902F07378009"
"NULL","Avez-vous conclu un contrat d'exploitation de vos installations de climatisation avec un prestataire ?","Avez-vous conclu un contrat d'exploitation de vos installations de climatisation avec un prestataire ?","1","NULL","502E4A16930E414107EE22B6198C578F"
"NULL","Pour vos activités nucléaires, certains de vos sites sont-ils soumis au titre de l'ASN (Autorité de sûreté nucléaire) à déclaration, enregistrement ou autorisation ?\nMerci de préciser le(s) régime(s) concerné(s) en commentaire.","Pour vos activités nucléaires, êtes-vous soumis au titre de l'ASN (Autorité de sûreté nucléaire) à déclaration, enregistrement ou autorisation ?\nMerci de préciser votre régime en commentaire.","1","NULL","539FD53B59E3BB12D203F45A912EEAF2"
"NULL","Avez-vous des appareils de connexion contenant des gaz fluorés (tels que SF6 ...) ? Merci de préciser en commentaire le type et la quantité maximale de gaz contenu.","Avez-vous des appareils de connexion contenant des gaz fluorés (tels que SF6 ...) ?\nPrécisez le type et la quantité de gaz contenu.","1","NULL","54229ABFCFA5649E7003B83DD4755294"
"NULL","Avez-vous des appareils nécessitant un Certificat d'aptitude à manipuler les appareils de radiologie industrielle (CAMARI) pour leur utilisation ?","Avez-vous des appareils nécessitant un Certificat d'aptitude à manipuler les appareils de radiologie industrielle (CAMARI) pour leur utilisation ?","1","NULL","555D6702C950ECB729A966504AF0A635"
"NULL","Disposez-vous de sources et/ou d'appareils émetteurs de rayonnements ionisants ?","Disposez-vous de sources et/ou d'appareils émetteurs de rayonnements ionisants ?","1","NULL","577EF1154F3240AD5B9B413AA7346A1E"
"Catégorie d'ESP : récipients (préciser si autoclaves), générateurs de vapeur, tuyauterie, accessoires de sécurité, accessoires sous pression","Avez-vous des équipements sous pression (ESP) ? Merci d'indiquer en commentaire l'année de mise en service de chaque ESP, sa catégorie et ses caratéristiques (type de fluide sous pression, pression, volume).","Avez-vous des équipements sous pression (ESP) ? Merci d'indiquer en commentaire l'année de mise en service de chaque ESP, sa catégorie et ses caratéristiques (type de fluide sous pression, pression, volume).","1","NULL","57AEEE35C98205091E18D1140E9F38CF"
"Par exemple calorifugeages, plaques de fibre, joints, flocages, etc.","Avez-vous de l'amiante dans les bâtiments d'au moins l'un de vos sites ? Si oui, de quels types d'amiante s'agit-il ?","Avez-vous de l'amiante dans les bâtiments du site ? Si oui, de quels types d'amiante s'agit-il ?","1","NULL","5878A7AB84FB43402106C575658472FA"
"Service de santé au travail autonome = propre à l'entreprise\nService de santé inter-entreprises = commun à plusieurs entreprises","Sous quelle forme est organisé votre service de santé au travail ? Merci de préciser en commentaire si votre structure dispose de ces 2 formes d'organisation.","Sous quelle forme est organisé votre service de santé au travail ? Merci de préciser en commentaire si votre structure dispose de ces 2 formes d'organisation.","2","NULL","58A2FC6ED39FD083F55D4182BF88826D"
"cf contribution Ecofolio","Votre société fabrique-t-elle, importe-t-elle ou vend-elle sous sa propre marque des papiers vierges à copier, des enveloppes et/ou des pochettes postales, des papiers carbone, autocopiant et/ou stencils ?","Votre société fabrique-t-elle, importe-t-elle ou vend-elle sous sa propre marque des papiers vierges à copier, des enveloppes et/ou des pochettes postales, des papiers carbone, autocopiant et/ou stencils ?","1","NULL","5EF059938BA799AAA845E1C2E8A762BD"
"NULL","NULL","Transportez-vous vous-même des déchets vers un site situé au-delà des limites de propriété du site ?","1","NULL","5F93F983524DEF3DCA464469D2CF9F3E"
"Par exemple : incinération, régénération en vue de leur recyclage matière, traitement physico-chimique, stockage en décharge, valorisation en cimenterie, ...","Quels sont les modes de traitement de vos déchets dangereux ?","Quels sont les modes de traitement de vos déchets dangereux ?","0","NULL","5FD0B37CD7DBBB00F97BA6CE92BF5ADD"
"NULL","Merci de nous indiquer les autres informations (caractéristiques, spécificités de certains sites) que vous jugez pertinentes à nous communiquer dans le cadre de cette prestation.","Merci de nous indiquer les autres informations ou caractéristiques que vous jugez pertinentes à nous communiquer dans le cadre de cette prestation.","5","NULL","621BF66DDB7C962AA0D22AC97D69B793"
"NULL","Avez-vous identifié des atmosphères explosives ?","Avez-vous identifié des atmosphères explosives ?","1","NULL","6364D3F0F495B6AB9DCF8D3B5C6E0B01"
"NULL","Cette opération a-t-elle été menée en nom propre ou en partenariat avec un fournisseur ""obligé"" ?","Cette opération a-t-elle été menée en nom propre ou en partenariat avec un fournisseur ""obligé"" ?","3","NULL","63923F49E5241343AA7ACB6A06A751E7"
"NULL","En êtes-vous propriétaire ?","En êtes-vous propriétaire ?","1","NULL","63DC7ED1010D3C3B8269FAF0BA7491D4"
"NULL","Vendez-vous ces mélanges ?","Vendez-vous ces mélanges ?","1","NULL","642E92EFB79421734881B53E1E1B18B6"
"NULL","Avez-vous des salariés relevant du Régime agricole ?","Avez-vous des salariés relevant du Régime agricole ?","1","NULL","6512BD43D9CAA6E02C990B0A82652DCA"
"NULL","Etes-vous le notifiant de ces mouvements transfrontaliers de déchets ?","Etes-vous le notifiant de ces mouvements transfrontaliers de déchets ?","1","NULL","65B9EEA6E1CC6BB9F0CD2A47751A186F"
"NULL","Etes-vous concerné ou dans le périmètre d'un PPI (plan particulier d'intervention) ?","Etes-vous concerné ou dans le périmètre d'un PPI (plan particulier d'intervention) ?","1","NULL","65DED5353C5EE48D0B7D48C591B8F430"
"NULL","Faites-vous des mélanges de produits chimiques sur au moins l'un de vos sites ?","Faites-vous des mélanges de produits chimiques sur le site ?","1","NULL","67C6A1E7CE56D3D6FA748AB6D9AF3FD7"
"Si vous êtes une installation exclue du système d'échange (installation émettant moins de 2 500 tonnes de CO2), merci de le préciser en commentaire.","Etes-vous soumis au système d'échange de quotas d'émission de gaz à effet de serre (GES) ?","Etes-vous soumis au système d'échange de quotas d'émission de gaz à effet de serre (GES) ?","1","NULL","68D30A9594728BC39AA24BE94B319D21"
"NULL","Produisez-vous des pneumatiques usagés ? (entretien de véhicules, chariots élévateurs,...)","Produisez-vous des pneumatiques usagés ? (entretien de véhicules, chariots élévateurs,...)","1","NULL","6974CE5AC660610B44D9B9FED0FF9548"
"NULL","Avez-vous recours à un négociant pour l'enlèvement de vos déchets ?","Avez-vous recours à un négociant pour l'enlèvement de vos déchets ?","1","NULL","698D51A19D8A121CE581499D7B701668"
"NULL","Effectuez-vous vous-même l'entretien de vos ascenseurs ou avez-vous recours à des prestataires de services ?","Effectuez-vous vous-même l'entretien de vos ascenseurs ou avez-vous recours à des prestataires de services ?","2","NULL","69ADC1E107F7F7D035D7BAF04342E1CA"
"NULL","Avez-vous des groupes électrogènes destinés à produire de l'électricité, hors groupe de secours ?","Avez-vous des groupes électrogènes destinés à produire de l'électricité, hors groupe de secours ?","1","NULL","6A9AEDDFC689C1D0E3B9CCC3AB651BC5"
"NULL","Avez-vous des locaux où plus de 100 personnes travaillent ?","Avez-vous des locaux où plus de 100 personnes travaillent ?","1","NULL","6C4B761A28B734FE93831E3FB400CE87"
"NULL","NULL","Des chaudières sont-elles placées dans le même local ?","1","NULL","6C8349CC7260AE62E3B1396831A8398F"
"NULL","Êtes-vous soumis à l'obligation de réalisation d'un audit énergétique ?","Êtes-vous soumis à l'obligation de réalisation d'un audit énergétique ?","1","NULL","6C9882BBAC1C7093BD25041881277658"
"NULL","Votre personnel utilise-t-il des voitures de fonction ou de société ?","Votre personnel utilise-t-il des voitures de fonction ou de société ?","1","NULL","6CDD60EA0045EB7A6EC44C54D29ED402"
"On entend notamment par ESP transportable les récipients à pression, leurs robinets et autres accessoires, les citernes, les cartouches à gaz...","Avez-vous des équipements sous pression transportables ?","Avez-vous des équipements sous pression transportables ?","1","NULL","6DA9003B743B65F4C0CCD295CC484E57"
"NULL","Avez-vous un conseiller à la sécurité ? Merci de préciser si cette fonction est assurée par une personne appartenant au site ou externalisée.","Avez-vous un conseiller à la sécurité ? Merci de préciser si cette fonction est assurée par une personne appartenant au site ou externalisée.","1","NULL","6EA9AB1BAA0EFB9E19094440C317E21B"
"A titre d'exemple, les appareils de levage sont notamment les treuils, palans, vérins, grues, crics de lavage, monte-matériaux, ponts élévateurs de véhicule...","Avez-vous des appareils et accessoires de levage ?","Avez-vous des appareils et accessoires de levage ?","1","NULL","6F3EF77AC0E3619E98159E9B6FEBF557"
"NULL","NULL","Organisme certificateur","0","NULL","6F4922F45568161A8CDF4AD2299F6D23"
"NULL","Fabriquez-vous des machines (assemblage de machines ou quasi-machines d'origines diverses) ?","Fabriquez-vous des machines (assemblage de machines ou quasi-machines d'origines diverses) ?","1","NULL","705F2172834666788607EFBFCA35AFB3"
"NULL","Avez-vous au moins l'un site situé dans le périmètre d'un plan de prévention des risques technologiques (PPRT) ?","Votre site est-il situé dans le périmètre d'un plan de prévention des risques technologiques (PPRT) ?","1","NULL","70EFDF2EC9B086079795C442636B55FB"
"NULL","Ces produits sont-ils utilisés par votre personnel ou par du personnel sous-traitant ?","Ces produits sont-ils utilisés par votre personnel ou par du personnel sous-traitant ?","2","NULL","72B32A1F754BA1C09B3695E0CB6CDE7F"
"NULL","Epandez-vous certains de vos déchets ?","Epandez-vous certains de vos déchets ?","1","NULL","73278A4A86960EEB576A8FD4C9EC6997"
"NULL","Accueillez-vous des ruches sur au moins l'un de vos sites ?","Accueillez-vous des ruches sur votre site ?","1","NULL","735B90B4568125ED6C3F678819B6E058"
"NULL","Avez-vous des presses mues par une source d'énergie autre que la force humaine employée directement et dont le chargement et la déchargement est effectué MANUELLEMENT en phase de production ?","Avez-vous des presses mues par une source d'énergie autre que la force humaine employée directement et dont le chargement et la déchargement est effectué MANUELLEMENT en phase de production ?","1","NULL","74DB120F0A8E5646EF5A30154E9F6DEB"
"NULL","Y a-t-il des postes de travail exposés au risque biologique (champignons, levures, virus, bactéries, parasites, etc.) ?","Y a-t-il des postes de travail exposés au risque biologique (champignons, levures, virus, bactéries, parasites, etc.) ?","1","NULL","757B505CFD34C64C85CA5B5690EE5293"
"NULL","Avez-vous des groupes froids ou  climatisations contenant des gaz fluorés (tels que FM200, SF6, R134a ...) ?","Avez-vous des groupes froids ou  climatisations contenant des gaz fluorés (tels que FM200, SF6, R134a ...) ?\nMerci de préciser le type et la quantité de gaz qu'ils contiennent.","1","NULL","7647966B7343C29048673252E490F736"
"NULL","Avez-vous une zone à émergence réglementée ?","Avez-vous une zone à émergence réglementée ?","1","NULL","76DC611D6EBAAFC66CC0879C71B5DB5C"
"NULL","Avez-vous mené ou participé à des opérations d'économies d'énergie pouvant donner lieu à la délivrance de certificats d'économies d'énergie (CEE) ? Si oui, pour quelle période ?","Avez-vous mené ou participé à des opérations d'économies d'énergie pouvant donner lieu à la délivrance de certificats d'économies d'énergie (CEE) ? Si oui, pour quelle période ?","2","NULL","7A614FD06C325499F1680B9896BEEDEB"
"Par exemple : compteurs d'arrivée d'eau potable, compteurs mesurant l'eau prélevée dans le milieu naturel…","Est-ce qu'au moins un de vos sites est propriétaire d'un compteur d'eau lié à une transaction commerciale","Etes-vous propriétaire de vos compteurs d'eau ?","1","NULL","7CBBC409EC990F19C78C75BD1E06F215"
"Par exemple panneaux transparents pour passage piétons, portes à ouverture vers le haut, porte coulissante, etc.","Avez-vous des portes ou des portails automatiques ou semi-automatiques ? Merci de préciser leur(s) type(s) en commentaire.","Avez-vous des portes ou des portails automatiques ou semi-automatiques ? Merci de préciser leur(s) type(s) en commentaire.","1","NULL","7E7757B1E12ABCB736AB9A754FFB617A"
"NULL","Avez-vous des ascenseurs ?","Avez-vous des ascenseurs ? Merci de préciser quelle est leur date de mise en service respective (au format jour, mois, année)","1","NULL","7EABE3A1649FFA2B3FF8C02EBFD5659F"
"NULL","Avez-vous un dispositif de suivi régulier des rejets (SRR) agréé par l'Agence de l'eau sur au moins l'un de vos sites ?","Avez-vous un dispositif de suivi régulier des rejets (SRR) agréé par l'Agence de l'eau ?","1","NULL","7EF605FC8DBA5425D6965FBD4C8FBE1F"
"NULL","Au moins l'un de vos sites est-il fournisseur d'énergie soumis à des obligations d'économies d'énergie ?","Etes-vous fournisseur d'énergie soumis à des obligations d'économies d'énergie ?","1","NULL","7F100B7B36092FB9B06DFB4FAC360931"
"NULL","Avez-vous au moins un site classé SEVESO ? Si oui, précisez seuil maximal présent ?","Le site est-il classé SEVESO ? Si oui, précisez seuil bas ou seuil haut ?","3","NULL","7F1DE29E6DA19D22B51C68001E7E0E54"
"NULL","Quelles rubriques ICPE à Autorisation avec ou sans servitudes (A ou AS) concernent vos sites ?","Quelles rubriques ICPE à Autorisation avec ou sans servitudes (A ou AS) concernent votre site ?\n Merci de préciser en commentaire pour chaque rubrique la date de premier enregistrement ou de portée à connaissance de l’inspection des installations classées (DREAL).","0","NULL","7F39F8317FBDB1988EF4C628EBA02591"
"Cela correspond à une mise en décharge","Certains de vos déchets banals (DIB en mélange) vont-ils en centre de stockage de déchets ultimes (CSDU) ?","Certains de vos déchets banals (DIB en mélange) vont-ils en centre de stockage de déchets ultimes (CSDU) ?","1","NULL","7F6FFAA6BB0B408017B62254211691B5"
"NULL","NULL","Quelle quantité de déchets NON dangereux produisez-vous chaque année (en tonnes par an) ?","4","t/an","812B4BA287F5EE0BC9D43BBF5BBE87FB"
"270 heures minimum sur 1 an, soit 39 nuits si 7h/nuit ou 34 nuits si 8h/nuit","Avez-vous du personnel de nuit ?","Avez-vous du personnel de nuit ?","1","NULL","82161242827B703E6ACF9C726942A1E4"
"Par exemple : acétone, benzène, brome, chlore, chlorure de vinyle monomère, fibres céramiques réfractaires, méthanol, phénol, plomb et ses composés, toluène, etc.","Avez-vous des polluants soumis à des valeurs limites d'exposition professionnelle (VLEP) ? Lesquels ?","Avez-vous des polluants soumis à des valeurs limites d'exposition professionnelle (VLEP) ? Lesquels ?","1","NULL","82AA4B0AF34C2313A562076992E50AA3"
"A titre d'exemple, les équipements susceptibles de transmettre aux salariés des vibrations aux bras ou à l'ensemble du corps sont : décapeuses, meuleuses, burineurs, ponceuses, clés à choc, marteaux de démolition...","Avez-vous des postes de travail exposant des salariés à des vibrations mécaniques ?","Avez-vous des postes de travail exposant des salariés à des vibrations mécaniques ?","1","NULL","84D9EE44E457DDEF7F2C4F25DC8FA865"
"Les agents biologiques sont classés en quatre groupes :\n- le groupe 1 comprend les agents biologiques non susceptibles de provoquer une maladie chez l'homme ;\n- le groupe 2 comprend les agents biologiques pouvant provoquer une maladie chez l'homme et constituer un danger pour les travailleurs. Leur propagation dans la collectivité est peu probable et il existe généralement une prophylaxie ou un traitement efficaces ;\n- le groupe 3 comprend les agents biologiques pouvant provoquer une maladie grave chez l'homme et constituer un danger sérieux pour les travailleurs. Leur propagation dans la collectivité est possible, mais il existe généralement une prophylaxie ou un traitement efficaces;\n- le groupe 4 comprend les agents biologiques qui provoquent des maladies graves chez l'homme et constituent un danger sérieux pour les travailleurs. Le risque de leur propagation dans la collectivité est élevé. Il n'existe généralement ni prophylaxie ni traitement efficace.","Quel est le classement des agents biologiques concernés ?","Quel est le classement des agents biologiques concernés ?","2","NULL","854D6FAE5EE42911677C739EE1734486"
"NULL","Des travailleurs sont-ils exposés aux poussières de silice cristalline ?","Des travailleurs sont-ils exposés aux poussières de silice cristalline ?","1","NULL","85D8CE590AD8981CA2C8286F79F59954"
"NULL","Avez-vous des systèmes d'extinction incendie contenant des gaz fluorés (tels que FM200, SF6, R134a … ) ?","Avez-vous des systèmes d'extinction incendie contenant des gaz fluorés (tels que FM200, SF6, R134a) ?\nMerci de préciser le type et la quantité de gaz qu'ils contiennent.","1","NULL","8613985EC49EB8F757AE6439E879BB2A"
"NULL","Au moins l'un de vos sites a-t-il un accord avec un opérateur d'effacement ?","Avez-vous un accord avec un opérateur d'effacement ?","1","NULL","8C19F571E251E61CB8DD3612F26D5ECF"
"Redevance pour prélèvement sur la ressource en eau, pour pollution d'origine non domestique, pour modernisation des réseaux de collecte, pour pollutions diffuses, pour protection du milieu aquatique, pour stockage d'eau en période d'étiage, pour obstacle sur les cours d'eau","Effectuez-vous une déclaration annuelle auprès de l'Agence de l'eau dans le cadre du paiement d'une redevance ?","Effectuez-vous une déclaration annuelle auprès de l'Agence de l'eau dans le cadre du paiement d'une redevance ?","1","NULL","8D5E957F297893487BD98FA830FA6413"
"NULL","Exploitez-vous une hélisurface ou un héliport sur l'un de vos sites ?","Exploitez-vous une hélisurface ou un héliport sur votre site ?","1","NULL","8E296A067A37563370DED05F5A3BF3EC"
"NULL","Ce réseau de chaleur ou de froid est-il classé en tant que réseau alimenté à au moins 50% par des énergies renouvelables ou de récupération pour au moins l'un de vos sites ?","Ce réseau de chaleur ou de froid est-il classé en tant que réseau alimenté à au moins 50% par des énergies renouvelables ou de récupération ?","1","NULL","8F121CE07D74717E0B1F21D122E04521"
"NULL","Principaux produits fabriqués","Produits fabriqués","0","NULL","8F14E45FCEEA167A5A36DEDD4BEA2543"
"NULL","Avez-vous du personnel stagiaire ?","Avez-vous du personnel stagiaire ?","1","NULL","8F53295A73878494E9BC8DD6C3C7104F"
"NULL","Avez-vous des apprentis ?","Avez-vous des apprentis ?","1","NULL","8F85517967795EEEF66C225F7883BDCB"
"NULL","Avez-vous réalisé un diagnostic de pollution des sols?","Avez-vous réalisé un diagnostic de pollution des sols ?","1","NULL","903CE9225FCA3E988C2AF215D4E544D3"
"NULL","Quel est l'usage des différents bâtiments ?","NULL","2","NULL","918317B57931B6B7A7D29490FE5EC9F9"
"Exemple: soudeuse haute fréquence, poste de contrôle par magnétoscopie, magnétisation / démagnétisation industrielle, chauffage par induction ou micro-ondes, etc","Quels sont les équipements susceptibles d'exposer le personnel à des champs électromagnétiques ?","Quels sont les équipements susceptibles d'exposer le personnel à des champs électromagnétiques ?","0","NULL","9188905E74C28E489B44E954EC0B9BCA"
"NULL","Exploitez-vous des installations de méthanisation avec injection de biométhane dans le réseau de gaz naturel ?","Exploitez-vous des installations de méthanisation avec injection de biométhane dans le réseau de gaz naturel ?","1","NULL","92C8C96E4C37100777C7190B76D28233"
"NULL","Avez-vous des équipements avec des solvants contenant des gaz fluorés (tels que FM200, SF6, R134a ...)?  Merci de préciser en commentaire le type et la quantité maximale de gaz contenu.","Avez-vous des équipements avec des solvants contenant des gaz fluorés (tels que FM200, SF6, R134a ...)?\nPrécisez le type et la quantité de gaz contenu.","1","NULL","92CC227532D17E56E07902B254DFAD10"
"NULL","Est-ce qu'au moins l'un de vos sites est soumis à l'obligation d'établir un plan de gestion de solvants (PGS) ?","Le site a-t-il un plan de gestion de solvants (PGS) ?","1","NULL","93DB85ED909C13838FF95CCFA94CEBD9"
"NULL","Avez-vous du personnel de moins de 18 ans ?","Avez-vous du personnel de moins de 18 ans ?","1","NULL","96DA2F590CD7246BBDE0051047B0D6F7"
"NULL","Font-elles 10 m3 ou plus ?","Font-elles 10 m3 ou plus ?","1","NULL","9766527F2B5D3E95D4A733FCFB77BD7E"
"Installations process, installations de combustion, cabines de peintures, etc.","Quelles sont les principales installations à l'origine de vos rejets dans l'air ?","Quelles sont les principales installations à l'origine de vos rejets dans l'air ?","0","NULL","9778D5D219C5080B9A6A17BEF029331C"
"NULL","Intervenez-vous sur des voies ferrées ?","Intervenez-vous sur des voies ferrées ?","1","NULL","979D472A84804B9F647BC185A877A8B5"
"NULL","Êtes-vous propriétaire de véhicules routiers pour le transport de marchandises (PTAC véhicule > 3,5 tonnes) ? Si oui, merci de préciser le type de marchandises transportées.","Êtes-vous propriétaire de véhicules routiers pour le transport de marchandises (PTAC véhicule > 3,5 tonnes) ? Si oui, merci de préciser le type de marchandises transportées.","1","NULL","9872ED9FC22FC182D371C3E9ED316094"
"NULL","Avez-vous du personnel faisant des opérations de maintenance sur les équipements contenant des fluides frigorigènes et manipulant ces fluides ?","Avez-vous du personnel faisant des opérations de maintenance sur les équipements contenant des fluides frigorigènes et manipulant ces fluides ?","1","NULL","98DCE83DA57B0395E163467C9DAE521B"
"- être une société anonyme, une société en commandite par actions, ou une filiale d'une de ces sociétés\n- avoir un bilan ou chiffre d'affaire net d'au moins 100 millions d'euros,\n- employer au moins 500 salariés permanents\n\nNote : les calculs de bilan et effectifs incluent vos filiales, y compris étrangères","Remplit-elle l'ensemble des critères ""entreprises non cotées"" définis ci-dessous ?","Remplit-elle l'ensemble des critères ""entreprises non cotées"" définis ci-dessous ?","1","NULL","98F13708210194C475687BE6106A3B84"
"Définition d'une substance à l'état nanoparticulaire :\nSubstance fabriquée intentionnellement à l'échelle nanométrique, contenant des particules (= fragment de matière possédant des contours physiques bien définis), non liées soit sous forme d'agrégat (= particule constituée de particules fortement liées ou fusionnées) soit sous forme d'agglomérat (= amas de particules ou d'agrégats faiblement liés dont la surface externe globale correspond à la somme des surfaces de ses constituants individuels), dont une proportion minimale des particules, dans la distribution des tailles en nombre, présentent une ou plusieurs dimensions externes se situant entre 1 nm et 100 nm.","Utilisez-vous des nanomatériaux ?","Utilisez-vous des nanomatériaux ?","1","NULL","9A1158154DFA42CADDBD0694A4E9BDC8"
"NULL","Avez-vous des accumulateurs hydropneumatiques ?","Avez-vous des accumulateurs hydropneumatiques ?","1","NULL","9B04D152845EC0A378394003C96DA594"
"NULL","Etes-vous à l'origine de vibrations dans l'environnement ?","Etes-vous à l'origine de vibrations dans l'environnement ?","1","NULL","9B8619251A19057CFF70779273E95AA6"
"Enseigne : toute inscription, forme ou image apposée sur un immeuble et relative à une activité qui s'y exerce.","Avez-vous, sur au moins l'un de vos sites, des enseignes visibles depuis la voie publique ?","Avez-vous des enseignes visibles depuis la voie publique ?","1","NULL","9BF31C7FF062936A96D3C8BD1F8F2FF3"
"NULL","Exploitez-vous une ligne ou une canalisation électrique privée empruntant le domaine public ?","Exploitez-vous une ligne ou une canalisation électrique privée empruntant le domaine public ?","1","NULL","9CFDF10E8FC047A44B08ED031E1F0ED1"
"NULL","Si vous n'êtes ni employeur de chauffeurs affectés au transport de marchandises, ni propriétaire de véhicules affectés au transport de marchandises, êtes-vous donneur d'ordre en matière de transport de marchandises ?","Si vous n'êtes ni employeur de chauffeurs affectés au transport de marchandises, ni propriétaire de véhicules affectés au transport de marchandises, êtes-vous donneur d'ordre en matière de transport de marchandises ?","1","NULL","9DCB88E0137649590B755372B040AFAD"
"Ex. : Produits utilisés pour :\n- protéger le bois (type 8)\n- lutter contre les souris, les rats ou autres rongeurs (type 14);\n- lutter contre les oiseaux (type 15) ;\n- lutter contre les insectes, acariens et autres arthropodes (type 18);\n- lutter contre des vertébrés nuisibles (type 23).","Des produits antiparasitaires de type biocide sont-ils utilisés sur au moins l'un de vos sites ?","Des produits antiparasitaires de type biocide sont-ils utilisés sur vote site ?","1","NULL","9F61408E3AFB633E50CDF1B20DE6F466"
"NULL","Etes-vous soumis ou avez-vous un plan de prévention des risques technologiques (PPRT) ?","Etes-vous soumis ou avez-vous un plan de prévention des risques technologiques (PPRT) ?","1","NULL","9FC3D7152BA9336A670E36D0ED79BC43"
"NULL","Quels sont les modes d'élimination (incinération…) de ces sous-produits (interne ou externe) ?","Quels sont les modes d'élimination (incinération…) de ces sous-produits (interne ou externe) ?","3","NULL","A0A080F42E6F13B3A2DF133F073095DD"
"Puissance thermique fixée et garantie par le constructeur, exprimée en PCI susceptible d'être consommée en marche continue, exprimée en MW","Exploitez-vous au moins une chaudière de puissance thermique nominale comprise entre 4kW et 400kW ?","Exploitez-vous une ou des chaudière(s) de puissance thermique nominale comprise entre 4kW et 400kW ? Si oui, merci de préciser en commentaire les chaudières concernées et leur puissance respective.","1","NULL","A1D0C6E83F027327D8461063F4AC58A6"
"NULL","Ces véhicules sont-ils équipés de dispositifs antidémarrage par éthylotest électronique ou prévoyez-vous de les en équiper?","Ces véhicules sont-ils équipés de dispositifs antidémarrage par éthylotest électronique ou prévoyez-vous de les en équiper?","1","NULL","A2557A7B2E94197FF767970B67041697"
"NULL","Produisez-vous des déchets d'amiante ? (amiante contenu dans des matériaux inertes, matériel contenant de l'amiante tels joints, etc.)","Produisez-vous des déchets d'amiante ? (amiante contenu dans des matériaux inertes, matériel contenant de l'amiante tels joints, etc.)","1","NULL","A3C65C2974270FD093EE8A9BF8AE7D0B"
"Si vous cochez la réponse ""Autre"", merci de préciser la source en commentaire.","Quelles sont vos sources d'approvisionnement en eau ?","Quelles sont vos sources d'approvisionnement en eau ?","2","NULL","A3F390D88E4C41F2747BFA2F1B5F87DB"
"NULL","Disposez-vous de parcs de stationnement réservés aux salariés ? Merci de préciser en commentaire la capacité de ces parkings","Disposez-vous d’un parc de stationnement réservé aux salariés ? Merci de préciser en commentaire la capacité de ce parking.","2","NULL","A4A042CF4FD6BFB47701CBC8A1653ADA"
"NULL","Au moins l'un de vos sites est-il raccordé au réseau public de transport d'électricité ?","Votre site est-il raccordé au réseau public de transport d'électricité ?","1","NULL","A4F23670E1833F3FDB077CA70BBD5D66"
"NULL","Quel est le fluide caloporteur en sortie des chaudières ? (Vapeur, eau chaude…). S'il s'agit d'eau chaude, quelle est sa température maximale ?","Quel est le fluide caloporteur en sortie de chaque chaudière ? (Vapeur, eau chaude…). S'il s'agit d'eau chaude, quelle est sa température maximale ?","0","NULL","A5771BCE93E200C36F7CD9DFD0E5DEAA"
"NULL","Avez-vous des maladies professionnelles reconnues ou en cours de reconnaissance ?","Avez-vous des maladies professionnelles reconnues ou en cours de reconnaissance ?","1","NULL","A597E50502F5FF68E3E25B9114205D4A"
"process / chauffage / production eaux chaudes sanitaires, etc.","NULL","Précisez l'utilisation de chaque chaudière.","0","NULL","A5BFC9E07964F8DDDEB95FC584CD965D"
"NULL","Déclarez-vous le volet Déchets de la TGAP ?","Déclarez-vous le volet Déchets de la TGAP ?","1","NULL","A5E00132373A7031000FD987A3C9F87B"
"NULL","Des produits antiparasitaires (produits phytopharmaceutiques) sont-ils utilisés sur au moins l'un de vos sites ?","Des produits antiparasitaires (produits phytopharmaceutiques) sont-ils utilisés sur votre site ?","1","NULL","A684ECEEE76FC522773286A895BC8436"
"NULL","Avez-vous identifié une pollution de sol sur au moins l'un de vos sites ?","Avez-vous identifié une pollution de sol sur votre site ?","1","NULL","A8BAA56554F96369AB93E4F3BB068C22"
"NULL","Merci de nous indiquer les autres informations (caractéristiques, spécificités de certains sites) que vous jugez pertinentes à nous communiquer dans le cadre de cette prestation.","Merci de nous indiquer les autres informations ou caractéristiques que vous jugez pertinentes à nous communiquer dans le cadre de cette prestation.","5","NULL","A8F15EDA80C50ADB0E71943ADC8015CF"
"NULL","Produisez-vous des déchets radioactifs ? (ex.  : paratonnerre, système de détection incendie, sonde, etc.)","Produisez-vous des déchets radioactifs ? (ex.  : paratonnerre, système de détection incendie, sonde, etc.)","1","NULL","A97DA629B098B75C294DFFDC3E463904"
"NULL","Avez-vous, sur au moins l'un de vos sites, des bâtiments réservés à un usage administratif, commercial… ?","Avez-vous des bâtiments réservés à un usage administratif, commercial ?","1","NULL","AAB3238922BCC25A6F606EB525FFDC56"
"NULL","Avez-vous un conseiller en radioprotection ?","Avez-vous un conseiller en radioprotection ?","1","NULL","AC1DD209CBCC5E5D1C6E28598E8CBBE8"
"NULL","Mettez-vous sur le marché directement (sans intermédiaire) des emballages destinés aux ménages ?","Mettez-vous sur le marché directement (sans intermédiaire) des emballages destinés aux ménages ?","1","NULL","AC627AB1CCBDB62EC96E702F07F6425B"
"Les actions menées dans la 2nde phase de Recherche des Substances Dangereuses dans l'Eau (RSDE II 2009-2015) concernent prioritairement les eaux industrielles, les eaux pluviales, les eaux de refroidissement susceptibles d'être souillées et les eaux brutes épandues des installations classées soumises à autorisation.\nCes exigences sont imposées via un arrêté préfectoral.","Etes-vous concerné par la surveillance des substances dangereuses de vos rejets industriels (RSDE) ?","Etes-vous concerné par la surveillance des substances dangereuses de vos rejets industriels (RSDE) ?","1","NULL","AD61AB143223EFBC24C7D2583BE69251"
"Les voies ferrées locales sont les voies situées entre les voies faisant partie du Réseau Ferré National (géré par SNCF Réseau) et les voies situées dans l'enceinte du site.","Êtes-vous exploitant ou intervenez-vous sur des voies ferrées locales sur lesquelles circule exclusivement du transport de marchandises ?","Êtes-vous exploitant ou intervenez-vous sur des voies ferrées locales sur lesquelles circule exclusivement du transport de marchandises ?","1","NULL","AFC39C1B307E11EA8057FA163E989830"
"NULL","De quel réseau de gaz naturel s'agit-il ?","De quel réseau de gaz naturel s'agit-il ?","2","NULL","AFD3E93B307E11EA8057FA163E989830"
"NULL","Ces agents de surveillance et de gardiennage sont-ils accompagnés de chiens ?","Ces agents de surveillance et de gardiennage sont-ils accompagnés de chiens ?","1","NULL","AFE1F996307E11EA8057FA163E989830"
"NULL","Est-ce que vous pouvez être amenés à recevoir sur vos sites des salariés détachés (salariés propres ou entreprise sous-traitante) ?","Est-ce que vous pouvez être amenés à recevoir sur votre site des salariés détachés (salariés propres ou entreprise sous-traitante) ?","1","NULL","AFFB85A8307E11EA8057FA163E989830"
"NULL","Des opérations de fumigation sont-elles réalisées par votre personnel ?","Des opérations de fumigation sont-elles réalisées par votre personnel ?\nMerci de préciser en commentaire l'utilisation et le produit concerné.","1","NULL","B0252C90307E11EA8057FA163E989830"
"NULL","Vos travailleurs interviennent-ils en milieu hyperbare ?","Vos travailleurs interviennent-ils en milieu hyperbare ?","1","NULL","B035A99D307E11EA8057FA163E989830"
"NULL","Utilisez-vous des agents pathogènes de manière intentionnelle ?","Utilisez-vous des agents pathogènes de manière intentionnelle ?","1","NULL","B03E59C0307E11EA8057FA163E989830"
"NULL","Avez-vous identifié des zones radon où les travailleurs sont susceptibles d'être exposés à un niveau de rayonnement ionisant dépassant 6 mSV/an en concentration du radon dans l'air ?","Avez-vous identifié des zones radon où les travailleurs sont susceptibles d'être exposés à un niveau de rayonnement ionisant dépassant 6 mSV/an en concentration du radon dans l'air ?","1","NULL","B0511BF9307E11EA8057FA163E989830"
"NULL","Au moins l'un de vos sites est-il raccordé à un réseau public de distribution d'électricité ?","Votre site est-il raccordé à un réseau public de distribution d'électricité ?","1","NULL","B1A59B315FC9A3002CE38BBE070EC3F5"
"NULL","Avez-vous des élévateurs de personnes dont la vitesse n'excède pas 0,15 m/s ?","Avez-vous des élévateurs de personnes dont la vitesse n'excède pas 0,15 m/s ?","1","NULL","B1D10E7BAFA4421218A51B1E1F1B0BA2"
"NULL","Comment se fait l'éclairage de secours ? (blocs autonomes, éclairage sur source centrale avec accumulateurs, …...)","Comment se fait l'éclairage de secours ? (blocs autonomes, éclairage sur source centrale avec accumulateurs, …...)","0","NULL","B3E3E393C77E35A4A3F3CBD1E429B5DC"
"NULL","Sont-ils utilisés par votre personnel ou par du personnel sous-traitant ?","Sont-ils utilisés par votre personnel ou par du personnel sous-traitant ?","2","NULL","B53B3A3D6AB90CE0268229151C9BDE11"
"NULL","NULL","La gestion de ce restaurant est-elle confiée à un prestataire ?","1","NULL","B6D767D2F8ED5D21A44B0E5886680CB9"
"NULL","Existe-t-il un système de recyclage d'air entre différents locaux, notamment entre un local à pollution spécifique et un local à pollution non spécifique ?","Existe-t-il un système de recyclage d'air entre différents locaux, notamment entre un local à pollution spécifique et un local à pollution non spécifique ?","1","NULL","B73CE398C39F506AF761D2277D853A92"
"NULL","Avez-vous des meules ? Merci de préciser en commentaire si ce sont des meules naturelles ou artificielles d'un diamètre > 51 mm et équipant les machines fixes avec une vitesse de rotation est > 2 m/s.","Avez-vous des meules ? Merci de préciser en commentaire si ce sont des meules naturelles ou artificielles d'un diamètre > 51 mm et équipant les machines fixes avec une vitesse de rotation est > 2 m/s.","1","NULL","BCBE3365E6AC95EA2C0343A2395834DD"
"NULL","Une pièce à l'intérieur des locaux, a-t-elle été mise à la disposition des fumeurs ?","Une pièce à l'intérieur des locaux, a-t-elle été mise à la disposition des fumeurs ?","1","NULL","BD4C9AB730F5513206B999EC0D90D1FB"
"NULL","Avez-vous des sauveteurs secouristes du travail ?","Avez-vous des sauveteurs secouristes du travail ?","1","NULL","BD686FD640BE98EFAAE0091FA301E613"
"NULL","Avez-vous des équipements sous pression à vapeur (chaudière, autoclave…) ? Si oui, merci de préciser lesquels.","Avez-vous des équipements sous pression à vapeur (chaudière, autoclave…) ? Si oui, merci de préciser lesquels.","1","NULL","BE83AB3ECD0DB773EB2DC1B0A17836A1"
"NULL","Avez-vous du personnel handicapé ?","Avez-vous du personnel handicapé ?","1","NULL","BF8229696F7A3BB4700CFDDEF19FA23F"
"NULL","Disposez-vous de réservoirs enterrés ? Si oui, merci de préciser en commentaire quels sont les produits stockés et quelle est la capacité de stockage.","Disposez-vous de réservoirs enterrés ? Si oui, merci de préciser en commentaire quels sont les produits stockés et quelle est la capacité de stockage.","1","NULL","C0C7C76D30BD3DCAEFC96F40275BDC0A"
"Par exemple : presses mécaniques et presses hydrauliques pour le travail à froid des métaux ; presses à mouler par injection ou compression des matières plastiques ou du caoutchouc, etc.","Possédez-vous des compacteurs autres qu'en location ?","Possédez-vous des compacteurs autres qu'en location ?","1","NULL","C0E190D8267E36708F955D7AB048990D"
"NULL","Avez-vous du personnel encadrant et/ou exécutant des travaux à proximité de réseaux ? (selon précisions apportées par le Guichet unique)","Avez-vous du personnel encadrant et/ou exécutant des travaux à proximité de réseaux, y compris sur votre site ? (selon précisions apportées par le Guichet unique)","1","NULL","C16A5320FA475530D9583C34FD356EF5"
"NULL","NULL","Dates relatives à la création du site (dates de construction des différents bâtiments, ainsi que celles des grandes modifications imposant un permis de construire)","0","NULL","C20AD4D76FE97759AA27A0C99BFF6710"
"Enseigne lumineuse = enseigne à la réalisation de laquelle participe une source lumineuse spécialement prévue à cet effet","Disposez-vous d'une ou plusieurs enseigne(s) lumineuse(s) sur au moins l'un de vos sites ?","Disposez-vous d'une ou plusieurs enseigne(s) lumineuse(s) sur votre site ?","1","NULL","C24CD76E1CE41366A4BBE8A49B02A028"
"cf contribution Ecofolio","Votre société est-elle à l'origine de la diffusion de papiers imprimés (prospectus, catalogues, publications d'entreprise, notices d'utilisation, modes d'emploi, affiches, etc.) pouvant se retrouver dans le circuit de collecte des déchets ?","Votre société est-elle à l'origine de la diffusion de papiers imprimés (prospectus, catalogues, publications d'entreprise, notices d'utilisation, modes d'emploi, affiches, etc.) pouvant se retrouver dans le circuit de collecte des déchets ?","1","NULL","C45147DEE729311EF5B5C3003946C48F"
"Si vous n'êtes pas propriétaire de tous les bâtiments, merci de le préciser en commentaire.","Etes-vous propriétaire des bâtiments ?","Etes-vous propriétaire des bâtiments ?","1","NULL","C51CE410C124A10E0DB5E4B97FC2AF39"
"Ex.: Eclairage des parkings et voies de circulation, illumination de façades de bâtiments, éclairage intérieur des bâtiments émis vers l'extérieur…","Listez les autres installations lumineuses présentes sur vos sites.","Listez les autres installations lumineuses présentes sur votre site.","0","NULL","C52F1BD66CC19D05628BD8BF27AF3AD6"
"Par exemple : badges, cartes, ..., accès à la restauration, ...","Avez-vous des systèmes de contrôle d'accès aux locaux ?","Avez-vous un système de contrôle d'accès aux locaux ?","1","NULL","C541BBF314EA11E9B4A4FA163E3BC92C"
"NULL","L'un de ces systèmes est-il biométrique ?","Ce système est-il biométrique ?","1","NULL","C544C9F714EA11E9B4A4FA163E3BC92C"
"NULL","Avez-vous des systèmes de vidéoprotection ?","Avez-vous un système de vidéoprotection ?","1","NULL","C54F215714EA11E9B4A4FA163E3BC92C"
"NULL","Ces systèmes filment :","Ce système filme :","2","NULL","C54F66C414EA11E9B4A4FA163E3BC92C"
"NULL","Avez-vous des systèmes de géolocalisation des véhicules utilisés par les salariés ?","Avez-vous un système de géolocalisation des véhicules utilisés par les salariés ?","1","NULL","C54FCF0D14EA11E9B4A4FA163E3BC92C"
"NULL","Avez-vous des systèmes de télésurveillance (alarme ou vidéosurveillance) ?","Avez-vous un système de télésurveillance (alarme ou vidéosurveillance) ?","1","NULL","C55016D214EA11E9B4A4FA163E3BC92C"
"NULL","Avez-vous du personnel interne qui effectue la surveillance et/ou le gardiennage ?","Avez-vous du personnel interne qui effectue la surveillance et/ou le gardiennage ?","1","NULL","C550560A14EA11E9B4A4FA163E3BC92C"
"NULL","Faites-vous appel à des entreprises extérieures de sécurité privée pour la surveillance et/ou le gardiennage ?","Faites-vous appel à une entreprise extérieure de sécurité privée pour la surveillance et/ou le gardiennage ?","1","NULL","C5816E7414EA11E9B4A4FA163E3BC92C"
"NULL","Etes-vous exploitant :","Etes-vous exploitant :","2","NULL","C581A7F814EA11E9B4A4FA163E3BC92C"
"Les zones d'accès restreint sont créées par arrêté préfectoral, notamment dans les installations portuaires accueillant des navires porte-conteneurs, des navires pétroliers, gaziers ou transportant des marchandises dangereuses ou des navires à passagers.","Avez-vous des zones d'accès restreint ?","Avez-vous des zones d'accès restreint ?","1","NULL","C581E4D414EA11E9B4A4FA163E3BC92C"
"NULL","Etes-vous un opérateur d'importance vitale ?","Etes-vous un opérateur d'importance vitale ?","1","NULL","C5838F5B14EA11E9B4A4FA163E3BC92C"
"NULL","NULL","Si vous avez des systèmes de management certifiés, quels sont-ils ?\nMerci de préciser en commentaire le(s) référentiel(s) concerné(s).","2","NULL","C74D97B01EAE257E44AA9D5BADE97BAF"
"NULL","NULL","Avez-vous un schéma de maîtrise des émissions (SME) ?","1","NULL","C7E1249FFC03EB9DED908C236BD1996D"
"Exemple : pyralène, Ugilec T, etc.","Avez-vous actuellement des appareils contenant des PCB/PCT ? Si oui, merci de préciser leur date de mise en service respective.","Avez-vous actuellement des appareils contenant des PCB/PCT ? Si oui, merci de préciser leur date de mise en service respective.","1","NULL","C8FFE9A587B126F152ED3D89A146B445"
"NULL","Certains déchets sont-ils traités ou valorisés hors de France ? Si oui, merci de préciser dans quel pays.","Certains déchets sont-ils traités ou valorisés hors de France ? Si oui, merci de préciser dans quel pays.","1","NULL","C9E1074F5B3F9FC8EA15D152ADD07294"
"NULL","NULL","Principaux équipements sur le site ou principaux ateliers","0","NULL","C9F0F895FB98AB9159F51FD0297E236D"
"NULL","Des chariots élévateurs ou autres engins spéciaux (engins du BTP type chargeur, tractopelle"" ...) sont-ils amenés à circuler sur des routes en dehors du site (et pas simplement une traversée) ?","Des chariots élévateurs ou autres engins spéciaux (engins du BTP type chargeur, tractopelle"" ...) sont-ils amenés à circuler sur des routes en dehors du site (et pas simplement une traversée) ?","1","NULL","CA46C1B9512A7A8315FA3C5A946E8265"
"Exemple : lasers, lampes UV, soudures à l'arc…","Avez-vous des sources de rayonnements optiques artificiels ?","Avez-vous des sources de rayonnements optiques artificiels ?","1","NULL","CB70AB375662576BD1AC5AAF16B3FCA4"
"NULL","Utilisez-vous de l'hydrogène, du gaz naturel liquéfié (GNL), et/ou du Gaz naturel comprimé (GNC) comme carburants alternatifs ?","Utilisez-vous de l'hydrogène, du gaz naturel liquéfié (GNL), et/ou du Gaz naturel comprimé (GNC) comme carburants alternatifs ?","2","NULL","CBDE7B28282911E8B52C001851D17886"
"NULL","NULL","Y a-t-il un Comité d'hygiène, de la sécurité et des conditions de travail (CHSCT) ou un Comité social et économique (CSE) pour l'établissement ?","1","NULL","CEDEBB6E872F539BEF8C3F919874E9D7"
"NULL","Avez-vous des équipements sous pression contenant de l'air comprimé ou des gaz combustibles ?","Avez-vous des équipements sous pression contenant de l'air comprimé ou des gaz combustibles ?","1","NULL","CFA0860E83A4C3A763A7E62D825349F7"
"NULL","Avez-vous une infirmerie ou un local d'accueil pour le médecin du travail ?","Avez-vous une infirmerie ou un local d'accueil pour le médecin du travail ?","1","NULL","CFECDB276F634854F3EF915E2E980C31"
"NULL","Disposez-vous d'une autorisation de déversement dans le réseau collectif sur au moins l'un de vos sites ?","Disposez-vous d'une autorisation de déversement dans le réseau collectif ?","1","NULL","D09BF41544A3365A46C9077EBB5E35C3"
"Engins de BTP, chariots élévateurs en porte-à-faux à moteur à combustion interne, compacteur de déchets ou de remblais à godets, coupe-gazon, tondeuses ou coupe-bordures, groupes électrogènes de puissance, etc.","Utilisez-vous des engins de manière récurrente à l'extérieur des bâtiments des sites ?","Utilisez-vous des engins de manière récurrente à l'extérieur des bâtiments du site ?","1","NULL","D1F491A404D6854880943E5C3CD9CA25"
"NULL","Avez-vous un cours d'eau qui borde ou traverse au moins l'un de vos sites ?","Avez-vous un cours d'eau qui borde ou traverse votre site ?","1","NULL","D1FE173D08E959397ADF34B1D77E88D7"
"NULL","Où sont déversées vos eaux pluviales ?","Où sont déversées vos eaux pluviales ?","0","NULL","D2DDEA18F00665CE8623E36BD4E3C7C5"
"NULL","Avez-vous des plate-formes individuelles roulantes ?","Avez-vous des plate-formes individuelles roulantes ?","1","NULL","D395771085AAB05244A4FB8FD91BF4EE"
"NULL","Avez-vous des salariés relevant du Régime général ?","Avez-vous des salariés relevant du Régime général ?","1","NULL","D3D9446802A44259755D38E6D163E820"
"Puissance thermique fixée et garantie par le constructeur, exprimée en PCI susceptible d'être consommée en marche continue, exprimée en MW","Exploitez-vous au moins une chaudière de puissance thermique nominale comprise entre 1 MW et 20 MW ?","Exploitez-vous au moins une chaudière de puissance thermique nominale comprise entre 1 MW et 20 MW ?\n Si oui, merci de préciser en commentaire les chaudières concernées et leur puissance respective.","1","NULL","D645920E395FEDAD7BBBED0ECA3FE2E0"
"Puissance thermique fixée et garantie par le constructeur, exprimée en PCI susceptible d'être consommée en marche continue, exprimée en MW","Exploitez-vous au moins une chaudière de puissance thermique nominale supérieure à 20 MW ?","Exploitez-vous au moins une chaudière de puissance thermique nominale supérieure à 20MW ? Si oui, merci de préciser en commentaire les chaudières concernées et leur puissance respective.","1","NULL","D67D8AB4F4C10BF22AA353E27879133C"
"NULL","Au moins l'un de vos sites est-il considéré comme un consommateur électro-intensif ?","Etes-vous considéré comme un consommateur électro-intensif ?","1","NULL","D6BAF65E0B240CE177CF70DA146C8DC8"
"Un produit explosif est un produit figurant dans la classe 1 des recommandations des Nations unies relatives au transport des marchandises dangereuses\nPar exemple pyrotechnie.","Un de vos sites détient-il des produits explosifs ?","Détenez-vous des produits explosifs ?","1","NULL","D82C8D1619AD8176D665453CFB2E55F0"
"NULL","De quel type d'installations s'agit-il ?","De quel type d'installations s'agit-il ?","2","NULL","D947BF06A885DB0D477D707121934FF8"
"NULL","Préciser leurs caractéristiques","Préciser leurs caractéristiques","0","NULL","D96409BF894217686BA124D7356686C9"
"NULL","Disposez-vous de chaudières destinées UNIQUEMENT au chauffage et à l'alimentation en eau chaude sanitaire des bâtiments d'habitation, de bureaux ou recevant du public ?","Disposez-vous de chaudières destinées UNIQUEMENT au chauffage et à l'alimentation en eau chaude sanitaire des bâtiments d'habitation, de bureaux ou recevant du public ?","1","NULL","D9D4F495E875A2E075A1A4A6E1B9770F"
"Les sous-produits animaux sont définis comme les cadavres entiers (ou parties) d'animaux ou les produits d'origine animale non destinés à la consommation humaine. Il existe 3 catégories de sous produits animaux :\n- catégorie 1 : animaux ou parties d'animaux susceptibles de présenter un risque d'encéphalopathie spongiforme transmissible (EST) ;\n- catégorie 2 : animaux ou parties d'animaux présentant un risque microbiologique autre qu'une EST ;\n- catégorie 3 : sous-produits d'animaux qui, soit sont propres à la consommation humaine mais n'y sont pas destinés, soit sont impropres à la consommation humaine mais exemptes de maladies transmissibles, soit sont avariées.","Votre activité génère t-elle des sous produits animaux ?","Votre activité génère t-elle des sous produits animaux ?","1","NULL","DA4FB5C6E93E74D3DF8527599FA62642"
"NULL","Avez-vous fait appel à un crédit-bail pour financer des installations ou matériels destinés à économiser l'énergie ou à y substituer une énergie renouvelable (Crédit-bail SOFERGIE) ?","Avez-vous fait appel à un crédit-bail pour financer des installations ou matériels destinés à économiser l'énergie ou à y substituer une énergie renouvelable (Crédit-bail SOFERGIE) ?","1","NULL","DB8E1AF0CB3ACA1AE2D0018624204529"
"Par exemple, risque volcanique, risque de mouvements de terrain, risque d'avalanche, risque cyclonique,  etc.","NULL","Le site est-il localisé sur une zone soumise à d'autres risques naturels ?","1","NULL","E00DA03B685A0DD18FB6A08AF0923DE0"
"NULL","Êtes-vous propriétaire de bouteilles de gaz transportables ? Si oui, merci de préciser la nature du gaz (propane, acétylène, argon, azote...)","Êtes-vous propriétaire de bouteilles de gaz transportables ? Si oui, merci de préciser la nature du gaz (propane, acétylène, argon, azote...)","1","NULL","E165421110BA03099A1C0393373C5B43"
"NULL","Fabriquez-vous, utilisez-vous ou détenez-vous des micro-organismes et toxines hautement pathogènes (MOT) soumis à autorisation auprès de l'Agence nationale de sécurité du médicament et des produits de santé (ANSM)  ?","Fabriquez-vous, utilisez-vous ou détenez-vous des micro-organismes et toxines hautement pathogènes (MOT) soumis à autorisation auprès de l'Agence nationale de sécurité du médicament et des produits de santé (ANSM)  ?","1","NULL","E2C0BE24560D78C5E599C2A9C9D0BBD2"
"NULL","NULL","Quelle est votre consommation d'eau annuelle (m3) ?","4","m³","E2C420D928D4BF8CE0FF2EC19B371514"
"NULL","Est-ce qu'au moins l'un de vos sites produit plus de 1 100 litres de déchets d'emballages par semaine ?","Produisez-vous plus de 1 100 litres de déchets d'emballages par semaine ?","1","NULL","E2EF524FBF3D9FE611D5A8E90FEFDC9C"
"Chaudières, Groupe électrogène, Aérothermes Gaz, Panneaux radiants, Make-up ou générateurs d'air chaud……","Quel(s) type(s) d'appareils de combustion sont présents sur vos sites ?","Quel(s) type(s) d'appareils de combustion sont présents sur votre site ?","0","NULL","E369853DF766FA44E1ED0FF613F563BD"
"NULL","Au moins l'un de vos sites consomme-t-il l'électricité qu'il produit ou envisage-t-il de le faire ?","Consommez-vous l'électricité que vous produisez ou envisagez-vous de le faire ?","1","NULL","E3796AE838835DA0B6F6EA37BCF8BCB7"
"NULL","Certaines de vos activités s'exercent-elles dans des lieux souterrains ? Si oui, merci de préciser lesquelles.","Certaines de vos activités s'exercent-elles dans des lieux souterrains ? Si oui, merci de préciser lesquelles.","1","NULL","E4A6222CDB5B34375400904F03D8E6A5"
"NULL","Au moins l'un de vos sites est-il raccordé à un réseau de gaz naturel ?","Votre site est-il raccordé à un réseau de gaz naturel ?","1","NULL","E56954B4F6347E897F954495EAB16A88"
"NULL","Avez-vous des télétravailleurs ?","Avez-vous des télétravailleurs ?","1","NULL","E93B8E1EE04811E7AF32001851D17886"
"NULL","Avez-vous du personnel qui monte sur des échafaudages ?","Avez-vous du personnel qui monte sur des échafaudages ?","1","NULL","E96ED478DAB8595A7DBDA4CBCBEE168F"
"NULL","Êtes-vous concerné par au moins une rubrique 3000 de la nomenclature des ICPE ? \nMerci d'indiquer en commentaire la(les) rubrique(s) 3000 retenue(s) comme ""principale(s)"".","Êtes-vous concerné par au moins une rubrique 3000 de la nomenclature des ICPE ?\nMerci d'indiquer en commentaire la rubrique 3000 retenue comme ""principale"".","1","NULL","EA5D2F1C4608232E07D3AA3D998E5135"
"NULL","Disposez-vous de défibrillateurs automatiques ?","Disposez-vous de défibrillateurs automatiques sur le site ?","1","NULL","EAE27D77CA20DB309E056E3D2DCD7D69"
"NULL","Quelle est la quantité de papiers imprimés diffusés en tonnes sur une année civile ?","Quelle est la quantité de papiers imprimés diffusés en tonnes sur une année civile ?","4","t","EB160DE1DE89D9058FCB0B968DBBBD68"
"NULL","Avez-vous des équipements de levage de charge susceptibles d'être utilisés pour le levage de personnes ?","Avez-vous des équipements de levage de charge susceptibles d'être utilisés pour le levage de personnes ?","1","NULL","EB163727917CBBA1EEA208541A643E74"
"NULL","Détenez-vous des transformateurs électriques dits ""secs"" ou contenant des huiles ?","Détenez-vous des transformateurs électriques dits ""secs"" ou contenant des huiles ?","1","NULL","EC5DECCA5ED3D6B8079E2E7E7BACC9F2"
"NULL","Produisez-vous des véhicules hors d'usage (VHU) ?","Produisez-vous des véhicules hors d'usage (VHU) ?","1","NULL","EC8956637A99787BD197EACD77ACCE5E"
"NULL","Avez-vous un compresseur avec une pression de sortie > 10 bars ?","Avez-vous un compresseur avec une pression de sortie > 10 bars ?","1","NULL","EC8CE6ABB3E952A85B8551BA726A1227"
"NULL","Activité générale du groupe","Activité générale du site","0","NULL","ECCBC87E4B5CE2FE28308FD9F2A7BAF3"
"NULL","Faîtes-vous de la conception ou fabrication d'emballages ?","Faites-vous de la conception ou fabrication d'emballages ?","1","NULL","ED3D2C21991E3BEF5E069713AF9FA6CA"
"NULL","Au moins l'un de vos sites est-il alimenté par un réseau de chaleur ou de froid ?","Votre site est-il alimenté par un réseau de chaleur ou de froid ?","1","NULL","EDA80A3D5B344BC40F3BC04F65B7A357"
"NULL","Êtes-vous propriétaire de véhicules utilitaires (voitures de société, camionnettes, fourgons...) ou de voitures particulières dont le PTAC < 3,5 tonnes ?","Êtes-vous propriétaire de véhicules utilitaires (voitures de société, camionnettes, fourgons...) ou de voitures particulières dont le PTAC < 3,5 tonnes ?","1","NULL","EECCA5B6365D9607EE5A9D336962C534"
"Est annexée à l'article R. 214-1 du code de l'environnement une nomenclature des Installations, Ouvrages, Travaux et Activités (IOTA) soumis à autorisation ou déclaration en fonction de leur impact sur l'eau.\n\nExemples : sondage, forage, digue, station d'épuration, épandage d'effluents...","Avez-vous des activités relevant du régime de Déclaration, au titre de la loi sur l'eau (IOTA) ?","Avez-vous des activités relevant du régime de Déclaration, au titre de la loi sur l'eau (IOTA) ? Merci de préciser en commentaire le numéro des rubriques à Déclaration.","1","NULL","F033AB37C30201F73F142449D037028D"
"Les déchets inertes sont des déchets minéraux non pollués. Ils ne se décomposent pas, ne brûlent pas et ne produisent aucune réaction physique ou chimique. \nExemples : béton, briques, tuiles, céramiques...","Produisez-vous des déchets inertes ?","Produisez-vous des déchets inertes ?","1","NULL","F0935E4CD5920AA6C7C996A5EE53A70F"
"NULL","Etes-vous concerné par une redevance/taxe gérée par les Voies Navigables de France (VNF) ?","Etes-vous concerné par une redevance/taxe gérée par les Voies Navigables de France (VNF) ?","1","NULL","F2217062E9A397A1DCA429E7D70BC6CA"
"NULL","Avez-vous des détecteurs de fumées ou pointes à dispositif d'amorçage -PDA- (paratonnerre) contenant des sources ionisantes ?","Avez-vous des détecteurs de fumées ou pointes à dispositif d'amorçage -PDA- (paratonnerre) contenant des sources ionisantes ?","1","NULL","F340F1B1F65B6DF5B5E3F94D95B11DAF"
"NULL","Utilisez-vous des produits cancérigènes, mutagènes ou repro-toxiques (CMR) de catégorie 1A et 1B (anciennement 1 et 2) ou des procédés cancérogènes (ex. : utilisation de formaldéhyde, poussières de bois, etc.) ?","Utilisez-vous des produits cancérigènes, mutagènes ou repro-toxiques (CMR) de catégorie 1A et 1B (anciennement 1 et 2) ou des procédés cancérogènes (ex. : utilisation de formaldéhyde, poussières de bois, etc.) ?","1","NULL","F457C545A9DED88F18ECEE47145A72C0"
"Ex. : entrepôts frigorifiques, salles informatiques, salles blanches, laboratoires, etc.","Possédez-vous des systèmes de climatisation et/ou des pompes à chaleur réversibles, d'une puissance frigorifique nominale supérieure à 12 kW ?","Possédez-vous des systèmes de climatisation et/ou des pompes à chaleur réversibles, d'une puissance frigorifique nominale supérieure à 12 kW ?","1","NULL","F4B9EC30AD9F68F89B29639786CB62EF"
"NULL","Avez-vous un comité social et économique central ?","NULL","1","NULL","F5532263E04811E7AF32001851D17886"
"NULL","NULL","Des chaudières alimentent-elles le même circuit/réseau ?","1","NULL","F7177163C833DFF4B38FC8D2872F1EC6"
"NULL","Avez-vous des compresseurs ?","Avez-vous des compresseurs ?","1","NULL","F718499C1C8CEF6730F9FD03C8125CAB"
"NULL","Au moins l'un de vos sites est-il considéré comme un consommateur gazo-intensif ?","Etes-vous considéré comme un consommateur gazo-intensif ?","1","NULL","F7664060CC52BC6F3D620BCEDC94A4B6"
"NULL","Avez-vous des intérimaires ? Du personnel temporaire (en CDD) ?","Avez-vous des intérimaires ? Du personnel temporaire (en CDD) ?","1","NULL","F7E6C85504CE6E82442C770F7C8606F0"
"NULL","NULL","Quelle est la quantité mensuelle de déchets d'activité de soins produite ? (infirmerie…)","3","NULL","F899139DF5E1059396431415E770C6DD"
"NULL","Avez-vous des chambres froides (Température < ou égale à 0 °c) ou climatisées (Température > à 0°C) ?","Avez-vous des chambres froides (Température < ou égale à 0 °c) ou climatisées (Température > à 0°C) ?","2","NULL","FA7CDFAD1A5AAF8370EBEDA47A1FF1C3"
"NULL","Existe-t-il une station de traitement des eaux usées et/ou industrielles sur l'un de vos sites ?","Existe-t-il une station de traitement des eaux usées et/ou industrielles sur le site ?","1","NULL","FBD7939D674997CDB4692D34DE8633C4"
"NULL","Votre entreprise est-elle soumise à l'obligation de conclure un accord ou d'élaborer un plan d'actions relatif de la prévention de la pénibilité ? \n (Obligation en fonction du pourcentage de salariés exposés ou de l'indice de sinistralité au niveau de l'entreprise)","Votre entreprise est-elle soumise à l'obligation de conclure un accord ou d'élaborer un plan d'actions relatif de la prévention de la pénibilité ? \n (Obligation en fonction du pourcentage de salariés exposés ou de l'indice de sinistralité au niveau de l'entreprise)","1","NULL","FC221309746013AC554571FBD180E1C8"
"NULL","Quelle(s) autre(s) rubrique(s) ICPE 3000 concern(ent) au moins l'un de vos sites ?","Quelle(s) autre(s) rubrique(s) ICPE 3000 concern(ent) votre site ?","0","NULL","FC490CA45C00B1249BBE3554A4FDF6FB"
"NULL","De quelle convention collective relève votre entreprise ?","De quelle convention collective relève votre entreprise ?","0","NULL","FD86425BAD0511E7B3CE001851D17886"
"NULL","Quelles sont les technologies utilisées pour l'éclairage des locaux (LED ….)","Quelles sont les technologies utilisées pour l'éclairage des locaux (LED ….)","0","NULL","FE131D7F5A6B38B23CC967316C13DAE2"
"NULL","Quels sont vos principaux polluants atmosphériques ?","Quels sont vos principaux polluants atmosphériques ?","0","NULL","FE9FC289C3FF0AF142B6D3BEAD98A923"
